,Make,Model,Variant,Ex_Showroom_Price
0,Tata,Nano Genx,Xt,292667
1,Tata,Nano Genx,Xe,236447
2,Tata,Nano Genx,Emax Xm,296661
3,Tata,Nano Genx,Xta,334768
4,Tata,Nano Genx,Xm,272223
5,Tata,Nano Genx,Xma,314815
6,Datsun,Redi-Go,D,279650
7,Datsun,Redi-Go,T,351832
8,Datsun,Redi-Go,A,333419
9,Datsun,Redi-Go,S,362000
10,Datsun,Redi-Go,1.0 S,390000
11,Datsun,Redi-Go,1.0 S Amt,437065
12,Renault,Kwid,Rxe 0.8,353290
13,Renault,Kwid,Std 0.8,283290
14,Renault,Kwid,Rxl 0.8,383290
15,Renault,Kwid,Rxt 0.8,413290
16,Renault,Kwid,Rxt 1.0,433290
17,Renault,Kwid,Climber 1.0 Mt,454490
18,Renault,Kwid,Rxt Amt 1.0,463290
19,Renault,Kwid,Climber Amt 1.0,484490
20,Renault,Kwid,Rxt (O) 1.0,440990
21,Renault,Kwid,Rxt (O) Amt 1.0,470990
22,Renault,Kwid,Climber (O) Mt 1.0,462190
23,Renault,Kwid,Climber (O) Amt 1.0,492190
24,Maruti Suzuki,Eeco,5 Str,352136
25,Maruti Suzuki,Eeco,7 Str,380573
26,Maruti Suzuki,Eeco,5 Str With Ac+Htr,392967
27,Maruti Suzuki,Eeco,5 Str With Ac+Htr Cng,466057
28,Maruti Suzuki,Eeco,5 Str With Htr Cng,425255
29,Maruti Suzuki,Alto K10,Lxi,377588
30,Maruti Suzuki,Alto K10,Vxi,394036
31,Maruti Suzuki,Alto K10,Lx,360843
32,Maruti Suzuki,Alto K10,Vxi (O),407238
33,Maruti Suzuki,Alto K10,Lxi Cng (O),439777
34,Maruti Suzuki,Alto K10,Vxi Amt (O),438559
35,Datsun,Go,D,374990
36,Datsun,Go,T,468229
37,Datsun,Go,T (O),502492
38,Datsun,Go,A (O),499990
39,Datsun,Go,A,469990
40,Datsun,Go,T Vdc,528464
41,Datsun,Go,T (O) Vdc,553015
42,Datsun,Go,T Cvt,594464
43,Datsun,Go,T (O) Cvt,618015
44,Maruti Suzuki,Celerio Tour,H2,422444
45,Maruti Suzuki,Celerio Tour,H2 Cng,480670
46,Hyundai,Santro,Era Mt,429990
47,Hyundai,Santro,Magna Mt,503990
48,Hyundai,Santro,Magna Mt Cng,547990
49,Hyundai,Santro,Magna Amt,530990
50,Hyundai,Santro,Sportz Mt,512990
51,Hyundai,Santro,Sportz Mt Cng,578990
52,Hyundai,Santro,Sportz Amt,570990
53,Hyundai,Santro,Asta Mt,556490
54,Tata,Tiago,Revotron Xe,460000
55,Tata,Tiago,Revotron Xt,520000
56,Tata,Tiago,Revotron Xz,570000
57,Tata,Tiago,Revotron Xz Plus,599000
58,Tata,Tiago,Revotron Xz Plus Dual Tone,610000
59,Tata,Tiago,Revotron Xza,620000
60,Tata,Tiago,Revotron Xza Plus,649000
61,Tata,Tiago,Revotron Xza Plus Dual Tone,660000
62,Maruti Suzuki,Celerio X,Vxi (O),481074
63,Maruti Suzuki,Celerio X,Vxi,475198
64,Maruti Suzuki,Celerio X,Vxi Amt,518198
65,Maruti Suzuki,Celerio X,Vxi Amt (O),524074
66,Maruti Suzuki,Celerio X,Zxi,499734
67,Maruti Suzuki,Celerio X,Zxi (O),540350
68,Maruti Suzuki,Celerio X,Zxi Amt,542735
69,Maruti Suzuki,Celerio X,Zxi Amt (O),552350
70,Maruti Suzuki,Ignis,Alpha 1.2 Amt,713898
71,Maruti Suzuki,Ignis,Alpha 1.2 Mt,666898
72,Maruti Suzuki,Ignis,Delta 1.2 Amt,607841
73,Maruti Suzuki,Ignis,Delta 1.2 Mt,560841
74,Maruti Suzuki,Ignis,Sigma 1.2 Mt,483320
75,Maruti Suzuki,Ignis,Zeta 1.2 Amt,630320
76,Maruti Suzuki,Ignis,Zeta 1.2 Mt,583320
77,Renault,Triber,Rxe,495000
78,Renault,Triber,Rxl,559000
79,Renault,Triber,Rxt,609000
80,Renault,Triber,Rxz,663000
81,Premier,Rio,Gx,506000
82,Premier,Rio,Ex,568623
83,Premier,Rio,Glx,670000
84,Premier,Rio,Dx,603000
85,Premier,Rio,Lx,739000
86,Premier,Rio,Crdi4,739000
87,Toyota,Etios Liva,G,520300
88,Toyota,Etios Liva,V,581000
89,Toyota,Etios Liva,Gd,647800
90,Toyota,Etios Liva,Vx,630000
91,Toyota,Etios Liva,Vxd,745000
92,Toyota,Etios Liva,Vd,704000
93,Toyota,Etios Liva,Dual Tone V,597700
94,Toyota,Etios Liva,Dual Tone Vd,720700
95,Toyota,Etios Liva,Dual Tone Vx,641700
96,Toyota,Etios Liva,Dual Tone Vxd,756700
97,Toyota,Etios Liva,Gx,558400
98,Toyota,Etios Liva,Gxd,686000
99,Toyota,Etios Liva,Vx Dual Tone Limited Edition,662700
100,Toyota,Etios Liva,Vxd Dual Tone Limited Edition,777700
101,Nissan,Micra Active,Xl,525021
102,Nissan,Micra Active,Xv,599950
103,Nissan,Micra Active,Xl (O),563133
104,Tata,Bolt,Xt Diesel,787980
105,Tata,Bolt,Xe Diesel,661111
106,Tata,Bolt,Xm Diesel,693798
107,Tata,Bolt,Xms Diesel,719661
108,Tata,Bolt,Xt Petrol,674960
109,Tata,Bolt,Xe Petrol,529035
110,Tata,Bolt,Xm Petrol,590268
111,Tata,Bolt,Xms Petrol,614515
112,Hyundai,Xcent Prime,Cng T + (Cng +,556130
113,Hyundai,Xcent Prime,T,536859
114,Hyundai,Xcent Prime,T+,556130
115,Hyundai,Xcent Prime,Cng T (Cng +,536859
116,Hyundai,Xcent Prime,T+ Crdi,639616
117,Hyundai,Xcent Prime,T Crdi,620297
118,Maruti Suzuki,Dzire Tour,Ldi,653523
119,Maruti Suzuki,Dzire Tour,Lxi,553423
120,Maruti Suzuki,Dzire Tour,Lxi Cng,598940
121,Hyundai,Elite I20,Era 1.2,559693
122,Hyundai,Elite I20,Era 1.4 Crdi,697803
123,Hyundai,Elite I20,Magna Plus,634950
124,Hyundai,Elite I20,Magna Plus Crdi,770803
125,Hyundai,Elite I20,Sportz Plus,721693
126,Hyundai,Elite I20,Sportz Plus Crdi Dual Tone,876103
127,Hyundai,Elite I20,Asta (O) 1.2,808993
128,Hyundai,Elite I20,Asta (O) Crdi,934003
129,Hyundai,Elite I20,Asta (O) Cvt,920993
130,Hyundai,Elite I20,Sportz Plus Dual Tone,751693
131,Hyundai,Elite I20,Sportz Plus Cvt,831693
132,Hyundai,Elite I20,Sportz Plus Crdi,846103
133,Hyundai,Aura,E 1.2 Petrol,579900
134,Hyundai,Aura,S 1.2 Petrol,655900
135,Hyundai,Aura,S 1.2 Amt Petrol,705800
136,Hyundai,Aura,Sx 1.2 Petrol,729900
137,Hyundai,Aura,Sx Plus 1.2 Amt Petrol,804800
138,Hyundai,Aura,Sx (O) 1.2 Petrol,785900
139,Hyundai,Aura,S 1.2 Cng Petrol (Cng +,728900
140,Hyundai,Aura,Sx Plus 1.0 Petrol,854900
141,Hyundai,Aura,S 1.2 Diesel,773800
142,Hyundai,Aura,S 1.2 Amt Diesel,823700
143,Hyundai,Aura,Sx Plus 1.2 Amt Diesel,922700
144,Hyundai,Aura,Sx (O) 1.2 Diesel,903800
145,Volkswagen,Polo,Trendline 1.0L (P),582000
146,Volkswagen,Polo,Comfortline 1.0 (P),676500
147,Volkswagen,Polo,Highline Plus 1.0 (P),776500
148,Volkswagen,Polo,Trendline 1.5L (D),734500
149,Volkswagen,Polo,Comfortline 1.5 (D),851500
150,Volkswagen,Polo,Highline Plus 1.5 (D),931500
151,Volkswagen,Polo,Gt Tsi,976000
152,Volkswagen,Polo,Gt Tdi,988500
153,Maruti Suzuki,Dzire,Lxi,582613
154,Maruti Suzuki,Dzire,Vxi,673112
155,Maruti Suzuki,Dzire,Ldi,666622
156,Maruti Suzuki,Dzire,Zxi,732113
157,Maruti Suzuki,Dzire,Vdi,757622
158,Maruti Suzuki,Dzire,Vxi Amt,720112
159,Maruti Suzuki,Dzire,Zdi Amt,863122
160,Maruti Suzuki,Dzire,Zdi,816622
161,Maruti Suzuki,Dzire,Zxi Plus,821613
162,Maruti Suzuki,Dzire,Zxi At,779113
163,Maruti Suzuki,Dzire,Zxi Plus Amt,868613
164,Maruti Suzuki,Dzire,Zdi Plus,906122
165,Maruti Suzuki,Dzire,Vdi Amt,804622
166,Maruti Suzuki,Dzire,Zdi Plus Amt,952622
167,Ford,Freestyle,1.5L Tdci Ambiente,676400
168,Ford,Freestyle,1.5L Tdci Titanium,790900
169,Ford,Freestyle,1.5L Tdci Titanium Plus,836400
170,Ford,Freestyle,1.2L Ti-Vct Ambiente,591400
171,Ford,Freestyle,1.2L Ti-Vct Titanium,721400
172,Ford,Freestyle,1.2L Ti-Vct Titanium Plus,756400
173,Ford,Freestyle,1.2L Ti-Vct Trend Plus,681400
174,Ford,Freestyle,1.5L Tdci Trend Plus,745900
175,Volkswagen,Ameo,Trendline 1.5L Tdi,711500
176,Volkswagen,Ameo,Comfortline 1.5L Tdi,810500
177,Volkswagen,Ameo,Highline Plus 1.5L Tdi Dsg,999900
178,Volkswagen,Ameo,Highline Plus 1.5L Tdi,925500
179,Volkswagen,Ameo,Trendline 1.0L,594000
180,Volkswagen,Ameo,Comfortline 1.0L,665000
181,Volkswagen,Ameo,Highline Plus 1.0L,799900
182,Volkswagen,Ameo,Gt Line Tdi Dsg,999900
183,Ford,Aspire,1.2 Ti-Vct Ambiente,598500
184,Ford,Aspire,1.2 Ti-Vct Trend Plus,697400
185,Ford,Aspire,1.2 Ti-Vct Trend,663400
186,Ford,Aspire,1.5 Tdci Ambiente,699400
187,Ford,Aspire,1.5 Tdci Trend,737400
188,Ford,Aspire,1.5 Tdci Trend Plus,777400
189,Ford,Aspire,1.5 Tdci Titanium,817400
190,Ford,Aspire,1.5 Tdci Titanium Plus,862400
191,Ford,Aspire,1.2 Ti-Vct Titanium Plus,782400
192,Ford,Aspire,1.2 Ti-Vct Titanium,737400
193,Ford,Aspire,1.2 Trend Plus Cng,758314
194,Ford,Aspire,1.2 Ti-Vct Blu,762400
195,Ford,Aspire,1.5 Tdci Blu,842400
196,Toyota,Platinum Etios,G,627100
197,Toyota,Platinum Etios,V,718600
198,Toyota,Platinum Etios,Gd,734700
199,Toyota,Platinum Etios,Vd,828600
200,Toyota,Platinum Etios,Vxd,888400
201,Toyota,Platinum Etios,Vx,778400
202,Toyota,Platinum Etios,Gx,689600
203,Toyota,Platinum Etios,Gxd,799600
204,Toyota,Platinum Etios,Vxd Limited Edition,913400
205,Toyota,Platinum Etios,Vx Limited Edition,803400
206,Toyota,Etios Cross,V,802000
207,Toyota,Etios Cross,G,650000
208,Toyota,Etios Cross,Vd,797500
209,Toyota,Etios Cross,Gd,766000
210,Toyota,Etios Cross,1.2 X Edition,668500
211,Toyota,Etios Cross,1.4 X Edition,816000
212,Mahindra,Verito Vibe,D2,657628
213,Mahindra,Verito Vibe,D4,685729
214,Mahindra,Verito Vibe,D6,750428
215,Fiat,Urban Cross,1.3 Multijet Active,677618
216,Fiat,Urban Cross,1.3 Multijet Dynamic,739074
217,Fiat,Urban Cross,1.4 T-Jet Emotion,977516
218,Fiat,Urban Cross,1.3 Multijet Emotion,810211
219,Toyota,Glanza,G Hybrid,721900
220,Toyota,Glanza,V,758200
221,Toyota,Glanza,G Cvt,829900
222,Toyota,Glanza,V Cvt,890200
223,Toyota,Glanza,G Mt,697900
224,Fiat,Avventura,Multijet Dynamic,796132
225,Fiat,Avventura,Multijet Active,711801
226,Fiat,Avventura,Multijet Emotion,876341
227,Honda,Jazz,V Petrol,745000
228,Honda,Jazz,Vx Cvt,909000
229,Honda,Jazz,Vx Petrol,789000
230,Honda,Jazz,V Cvt,865000
231,Honda,Jazz,S Diesel,816500
232,Honda,Jazz,V Diesel,896500
233,Honda,Jazz,Vx Diesel,940500
234,Honda,Jazz,Exclusive Edition Cvt,928000
235,Jeep,Compass Trailhawk,2.0 Trailhawk 4X4 At,2680000
236,Jeep,Compass Trailhawk,2.0 Trailhawk (O) 4X4 At,2760000
237,Isuzu,Mu-X,4X2,2734834
238,Isuzu,Mu-X,4X4,2931534
239,Mahindra,Alturas G4,2Wd At,2770150
240,Mahindra,Alturas G4,4Wd At,3070150
241,Volkswagen,Tiguan,Comfortline 2.0L Tdi Amt,2814500
242,Volkswagen,Tiguan,Highline 2.0L Tdi Amt,3153500
243,Honda,Cr-V,2Wd Petrol Cvt,2827001
244,Honda,Cr-V,2Wd Diesel At,3067001
245,Honda,Cr-V,Awd Diesel At,3277001
246,Skoda,Superb Sportline,Sportline 1.8L Tsi At,2899599
247,Skoda,Superb Sportline,Sportline 2.0L Tdi At,3149599
248,Audi,A3,35 Tdi Premium Plus,3021200
249,Audi,A3,35 Tdi Technology,3221200
250,Audi,A3,35 Tfsi Premium Plus,2920750
251,Audi,A3,35 Tfsi Technology,3120750
252,Mercedes-Benz ,B-Class,B 180 Sport,2988311
253,Mercedes-Benz ,B-Class,B 200 Cdi Sport,3089851
254,Mercedes-Benz ,B-Class,B 180 Night Edition,3198662
255,Mercedes-Benz ,B-Class,B 200 Cdi Night Edition,3303282
256,Mercedes-Benz ,Cla-Class,200 Sport,3599000
257,Mercedes-Benz ,Cla-Class,200 Cdi Style,3172000
258,Mercedes-Benz ,Cla-Class,200 D Sport,3699000
259,Skoda,Kodiaq,Style 2.0 Tdi 4X4 At,3299599
260,Skoda,Kodiaq,Laurin And Klement,3678599
261,Skoda,Kodiaq,Corporate Edition,3299599
262,Dc,Avanti,Standard,3407407
263,Audi,Q3,30 Tdi Premium Fwd,3677200
264,Audi,Q3,35 Tdi Quattro Premium Plus,3992200
265,Audi,Q3,35 Tdi Quattro Technology,4361000
266,Audi,Q3,30 Tfsi Premium,3496750
267,Mini,Cooper 5 Door,Cooper D,3600000
268,Mini,Convertible,Cooper S,3830000
269,Volvo,Xc40,D4 Momentum,3990000
270,Volvo,Xc40,D4 Inscription,4390000
271,Volvo,Xc40,T4 R-Design,3990000
272,Mini,Clubman,Cooper S,4120000
273,Audi,A4,Premium Plus 35 Tfsi,4149000
274,Audi,A4,Technology 35 Tfsi,4507000
275,Mini,John Cooper Works,Hatch,4350000
276,Jaguar,Xe,S Petrol,4498000
277,Jaguar,Xe,S Diesel,4498000
278,Jaguar,Xe,Se Diesel,4633000
279,Jaguar,Xe,Se Petrol,4633000
280,Jaguar,Xf,2.0 Prestige,5436329
281,Jaguar,Xf,2.0 Portfolio,6073446
282,Jaguar,Xf,2.0 Portfolio Diesel,6138811
283,Jaguar,Xf,2.0 Prestige Diesel,5506622
284,Jaguar,Xf,2.0 Pure Diesel,4977080
285,Audi,A3 Cabriolet,40 Tfsi,5038000
286,Audi,A6,Premium Plus 45 Tfsi,5442200
287,Audi,A6,Technology 45 Tfsi,5942200
288,Bmw,X3,Xdrive 20D Luxury Line,5930000
289,Bmw,X3,Xdrive 30I Luxury Line,5880000
290,Bmw,X3,Xdrive20D Xline,5600000
291,Land Rover,Discovery Sport,S,5706000
292,Land Rover,Discovery Sport,R-Dynamic Se,6089000
293,Volvo,S90,D4 Inscription,5890000
294,Audi,S5,Sportback,7243000
295,Bmw,X5,Xdrive30D Sport,7330000
296,Bmw,X5,Xdrive30D Xline,8290000
297,Bmw,X5,Xdrive40I M Sport,8290000
298,Ford,Mustang,Fastback V8,7462000
299,Jeep,Grand Cherokee,Limited,7882867
300,Jeep,Grand Cherokee,Summit,8931819
301,Jeep,Grand Cherokee,Srt,11400000
302,Jeep,Grand Cherokee,Summit Petrol,7515000
303,Mercedes-Benz ,E-Class Cabriolet,E400,7711338
304,Bmw,M2 Competition,Coupe,8180000
305,Porsche,718,Boxster,8995000
306,Porsche,718,Cayman,8595000
307,Mercedes-Benz ,Gls,350 Cdi,8820000
308,Mercedes-Benz ,Gls,63 Amg,19199181
309,Mercedes-Benz ,Gls,400 4Matic,8776900
310,Mercedes-Benz ,Gls,Grand Edition Petrol,8690000
311,Mercedes-Benz ,Gls,Grand Edition Diesel,8690000
312,Toyota,Land Cruiser Prado,Vx L,9630000
313,Lexus,Rx 450H,450Hl Luxury,9900000
314,Audi,Rs5,Coupe,11141200
315,Bmw,7-Series,730Ld Design Pure Excellence,12290000
316,Bmw,7-Series,730Ld Design Pure Excellence Signature,13200000
317,Bmw,7-Series,730Ld M Sport,13510000
318,Bmw,7-Series,740Li Design Pure Excellence Signature,13510000
319,Bmw,7-Series,745Le Xdrive,16500000
320,Bmw,7-Series,M760Li Xdrive,24250000
321,Audi,Q8,55 Tfsi Quattro Tiptronic,13359500
322,Mercedes-Benz ,S-Class,S 350 D,13558438
323,Mercedes-Benz ,S-Class,S 450,13976653
324,Mercedes-Benz ,S-Class,Amg S 63 Coupe,25500000
325,Maserati,Levante,Diesel,14512054
326,Maserati,Levante,Gransport,14863774
327,Maserati,Levante,Granlusson,15383399
328,Mercedes-Benz ,G-Class,Amg G 63,21875136
329,Mercedes-Benz ,G-Class,G 350D,15000000
330,Audi,A8 L,55 Tfsi Quattro,15600000
331,Maserati,Granturismo,Sport,17229579
332,Maserati,Quattroporte,Granlusso,17900000
333,Lexus,Lc 500H,Coupe,19600000
334,Mercedes-Benz ,Maybach,S650,27308312
335,Mercedes-Benz ,Maybach,S560,19890000
336,Porsche,Panamera,Turbo,21263000
337,Porsche,Panamera,Turbo Executive,22613000
338,Porsche,Panamera,Turbo Sport Turismo,21747000
339,Lexus,Lx 450D,V8,23290000
340,Mercedes-Benz ,S-Class Cabriolet,S500,23491293
341,Audi,R8,V10 Plus,27245000
342,Lamborghini,Urus,V8,30000000
343,Bentley,Continental Gt,Coupe,33791059
344,Ferrari,Portofino,V8 Convertible,35000000
345,Bentley,Bentayga,W12,45941557
346,Bentley,Bentayga,V8,37542069
347,Aston Martin,Db 11,V12,40456503
348,Ferrari,458 Speciale,Coupe,42531500
349,Rolls-Royce, Ghost Series Ii,6.6,46709733
350,Rolls-Royce, Ghost Series Ii,Ewb,53247201
351,Rolls-Royce,Wraith,Coupe,50025840
352,Bentley,Mulsanne,Sedan,52571294
353,Rolls-Royce,Cullinan,Suv,69500000
354,Rolls-Royce,Phantom Coupe,6.8 L,77312661
355,Bugatti,Chiron,W16,192142937
356,Bugatti,Chiron,Sport,212155397
357,Bajaj,Qute (Re60),Qcar,263000
358,Bajaj,Qute (Re60),Qcar Cng,283000
359,Maruti Suzuki,Alto,Std,294800
360,Maruti Suzuki,Alto,Std (O),299900
361,Maruti Suzuki,Alto,Lxi,352900
362,Maruti Suzuki,Alto,Lxi (O),357200
363,Maruti Suzuki,Alto,Vxi,376100
364,Maruti Suzuki,Alto,Lxi Cng ,405570
365,Maruti Suzuki,Alto,Lxi (O) Cng ,409190
366,Maruti Suzuki,Alto,Vxi Plus,389600
367,Maruti Suzuki,S-Presso,Std,370500
368,Maruti Suzuki,S-Presso,Std (O),376500
369,Maruti Suzuki,S-Presso,Lxi,409000
370,Maruti Suzuki,S-Presso,Lxi (O),415000
371,Maruti Suzuki,S-Presso,Vxi,432500
372,Maruti Suzuki,S-Presso,Vxi (O),438500
373,Maruti Suzuki,S-Presso,Vxi Ags,475500
374,Maruti Suzuki,S-Presso,Vxi+,456000
375,Maruti Suzuki,S-Presso,Vxi (O) Ags,481500
376,Maruti Suzuki,S-Presso,Vxi+ Ags,499000
377,Maruti Suzuki,Celerio,Lxi,426289
378,Maruti Suzuki,Celerio,Vxi,465138
379,Maruti Suzuki,Celerio,Vxi At,508138
380,Maruti Suzuki,Celerio,Zxi,490924
381,Maruti Suzuki,Celerio,Zxi (Opt),531279
382,Maruti Suzuki,Celerio,Vxi Cng Mt,530000
383,Maruti Suzuki,Celerio,Zxi Ags,533924
384,Maruti Suzuki,Celerio,Lxi Mt (O),434659
385,Maruti Suzuki,Celerio,Vxi (O) Mt,472257
386,Maruti Suzuki,Celerio,Vxi (O) Ags,515257
387,Maruti Suzuki,Celerio,Zxi (O) Ags,543279
388,Hyundai,Grand I10 Prime,Era T Crdi,551530
389,Hyundai,Grand I10 Prime,Era T+ Crdi,568930
390,Hyundai,Grand I10 Prime,Era T Vtvt,460369
391,Hyundai,Grand I10 Prime,Era T+ Vtvt,477511
392,Hyundai,Grand I10 Prime,Era T+ Cng Vtvt,545946
393,Hyundai,Grand I10 Prime,Era T Cng Vtvt,528804
394,Mahindra,Kuv100 Nxt,K2 6Str,488194
395,Mahindra,Kuv100 Nxt,K2+ 6Str,532184
396,Mahindra,Kuv100 Nxt,K2 D 6Str,590798
397,Mahindra,Kuv100 Nxt,K2+ D 6Str,619243
398,Mahindra,Kuv100 Nxt,K4+ D 6Str,667273
399,Mahindra,Kuv100 Nxt,K4+ 6Str,579645
400,Mahindra,Kuv100 Nxt,K6+ 6Str,631144
401,Mahindra,Kuv100 Nxt,K6+ D 6Str,754548
402,Mahindra,Kuv100 Nxt,K8 6Str,693550
403,Mahindra,Kuv100 Nxt,K8 D 6Str,787304
404,Mahindra,Kuv100 Nxt,K8 6 Str Dual Tone,701045
405,Mahindra,Kuv100 Nxt,K8 D 6 Str Dual Tone,794800
406,Mahindra,Kuv100 Nxt,K4+ 5Str,573250
407,Mahindra,Kuv100 Nxt,K6+ 5Str,631146
408,Mahindra,Kuv100 Nxt,K8 5Str,687175
409,Mahindra,Kuv100 Nxt,K4+ D 5Str,660832
410,Mahindra,Kuv100 Nxt,K6+ D 5Str,748128
411,Mahindra,Kuv100 Nxt,K8 D 5Str,780884
412,Mahindra,Kuv100 Nxt,K2 D 5Str Taxi,550155
413,Mahindra,Kuv100 Nxt,K2 D 6Str Taxi,559741
414,Mahindra,Kuv100 Nxt,K2 5Str Cng Taxi,524312
415,Mahindra,Kuv100 Nxt,K2 6Str Cng Taxi,542913
416,Maruti Suzuki,Swift,Lxi,519000
417,Maruti Suzuki,Swift,Vxi,619000
418,Maruti Suzuki,Swift,Vxi Amt,666000
419,Maruti Suzuki,Swift,Zxi,678000
420,Maruti Suzuki,Swift,Zxi Amt,725000
421,Maruti Suzuki,Swift,Zxi Plus,758000
422,Maruti Suzuki,Swift,Ldi,599000
423,Maruti Suzuki,Swift,Vdi,698000
424,Maruti Suzuki,Swift,Vdi Amt,745000
425,Maruti Suzuki,Swift,Zdi,757000
426,Maruti Suzuki,Swift,Zdi Amt,804000
427,Maruti Suzuki,Swift,Zdi Plus,838000
428,Maruti Suzuki,Swift,Zxi Plus Amt,802000
429,Maruti Suzuki,Swift,Zdi Plus Amt,884000
430,Tata,Altroz,Xe Petrol,529000
431,Tata,Altroz,Xm Petrol,615000
432,Tata,Altroz,Xt Petrol,684000
433,Tata,Altroz,Xz Petrol,744000
434,Tata,Altroz,Xz (O) Petrol,769000
435,Tata,Altroz,Xe Diesel,699000
436,Tata,Altroz,Xm Diesel,775000
437,Tata,Altroz,Xt Diesel,844000
438,Tata,Altroz,Xz Diesel,904000
439,Tata,Altroz,Xz (O) Diesel,929000
440,Icml,Extreme,Ld Di Non Ac 9 Seater Bsiii,642478
441,Icml,Extreme,Ld Crdfi Non Ac 9 Seater Bsiv,589678
442,Icml,Extreme,Ld Di  Ac 9 Seater Bsiii,689761
443,Icml,Extreme,Ld Crdfi  Ac 9 Seater Bsiii,788177
444,Icml,Extreme,Sd Di 9 Seater Bsiii,2650777
445,Icml,Extreme,Ld Crdfi  Ac 9 Seater Bsiv,628072
446,Icml,Extreme,Vd Crdfi 7 Seater Bsiii,900967
447,Icml,Extreme,Vd Di 7 Seater Bsiii,1465148
448,Icml,Extreme,Sd Crdfi 9 Seater Bsiv,552890
449,Icml,Extreme,Vd Crdfi 7 Seater Bsiv,927689
450,Icml,Extreme,Sd Crdfi 9 Seater Bsiii,835275
451,Tata,Tigor,Revotron Xe,575000
452,Tata,Tigor,Revotron Xm,610000
453,Tata,Tigor,Revotron Xz,650000
454,Tata,Tigor,Revotron Xz Plus,699000
455,Tata,Tigor,Revotron Xma,660000
456,Tata,Tigor,Revotron Xza Plus,749000
457,Tata,Zest,Xe Petrol,582287
458,Tata,Zest,Xe Diesel,702946
459,Tata,Zest,Xm Petrol,653926
460,Tata,Zest,Xms Petrol,672641
461,Tata,Zest,Xt Petrol,732475
462,Tata,Zest,Xm Diesel,767317
463,Tata,Zest,Xms Diesel,793898
464,Tata,Zest,Xt Diesel,855362
465,Tata,Zest,Xma Diesel,836320
466,Tata,Zest,Xta Diesel,989000
467,Tata,Zest,Zest Premio Edition,788797
468,Honda,Amaze,S Cvt Petrol,763000
469,Honda,Amaze,E Mt Diesel,705000
470,Honda,Amaze,E Mt Petrol,593000
471,Honda,Amaze,S Cvt Diesel,865000
472,Honda,Amaze,V Cvt Petrol,823000
473,Honda,Amaze,V Cvt Diesel,925000
474,Honda,Amaze,S Mt Diesel,785000
475,Honda,Amaze,Vx Mt Diesel,893000
476,Honda,Amaze,V Mt Diesel,845000
477,Honda,Amaze,Vx Mt Petrol,781000
478,Honda,Amaze,V Mt Petrol,733000
479,Honda,Amaze,S Mt Petrol,673000
480,Honda,Amaze,Exclusive Edition Diesel,906000
481,Honda,Amaze,Exclusive Edition Petrol,794000
482,Honda,Amaze,Vx Cvt Diesel,966000
483,Honda,Amaze,Vx Cvt Petrol,864000
484,Honda,Amaze,Ace Edition Cvt Diesel,979300
485,Honda,Amaze,Ace Edition Cvt Petrol,877300
486,Honda,Amaze,Ace Edition Mt Diesel,906300
487,Honda,Amaze,Ace Edition Mt Petrol,794300
488,Maruti Suzuki,Gyy,Hard Top,637343
489,Maruti Suzuki,Gyy,Soft Top,622730
490,Hyundai,Venue,1.2 Kappa Mt E,655000
491,Hyundai,Venue,1.0 Turbo Gdi Mt S,826000
492,Hyundai,Venue,1.4 Crdi Mt E,780000
493,Hyundai,Venue,1.0 Turbo Gdi Mt Sx,959000
494,Hyundai,Venue,1.0 Turbo Gdi Mt Sx Dual Tone,974000
495,Hyundai,Venue,1.0 Turbo Gdi Mt Sx(O),1065000
496,Hyundai,Venue,1.0 Turbo Gdi Dct S,940000
497,Hyundai,Venue,1.0 Turbo Gdi Dct Sx Plus,1115500
498,Hyundai,Venue,1.2 Kappa Mt S,725000
499,Hyundai,Venue,1.4 Crdi Mt S,850000
500,Hyundai,Venue,1.4 Crdi Mt Sx,983000
501,Hyundai,Venue,1.4 Crdi Mt Sx Dual Tone,998000
502,Hyundai,Venue,1.4 Crdi Mt Sx(O),1089000
503,Tata,Nexon,Xe,695000
504,Tata,Nexon,Xm,770000
505,Tata,Nexon,Xz,870000
506,Tata,Nexon,Xz Plus,950000
507,Tata,Nexon,Xz Plus Dual Tone,970000
508,Tata,Nexon,Xz Plus (O),1040000
509,Tata,Nexon,Xz Plus (O) Dual Tone,1060000
510,Tata,Nexon,Xma,830000
511,Tata,Nexon,Xza Plus,1010000
512,Tata,Nexon,Xza Plus Dual Tone,1030000
513,Tata,Nexon,Xza Plus (O),1100000
514,Tata,Nexon,Xza Plus (O) Dual Tone,1120000
515,Tata,Nexon,Xe Diesel,845000
516,Tata,Nexon,Xm Diesel,920000
517,Tata,Nexon,Xz Diesel,1020000
518,Tata,Nexon,Xz Plus Diesel,1100000
519,Tata,Nexon,Xz Plus Diesel Dual Tone,1120000
520,Tata,Nexon,Xz Plus (O) Diesel,1190000
521,Tata,Nexon,Xz Plus (O) Diesel Dual Tone,1210000
522,Tata,Nexon,Xma Diesel,980000
523,Tata,Nexon,Xza Plus Diesel,1160000
524,Tata,Nexon,Xza Plus Diesel Dual Tone,1180000
525,Tata,Nexon,Xza Plus (O) Diesel,1250000
526,Tata,Nexon,Xza Plus (O) Diesel Dual Tone,1270000
527,Fiat,Linea,Active Fire,715860
528,Fiat,Linea,Active Multijet,862175
529,Fiat,Linea,Dynamic Multijet,932025
530,Fiat,Linea,Emotion Multijet,991434
531,Fiat,Linea,T-Jet Emotion,997763
532,Mahindra,Bolero Power Plus,Zlx,886398
533,Mahindra,Bolero Power Plus,Slx,851302
534,Mahindra,Bolero Power Plus,Sle,785656
535,Mahindra,Bolero Power Plus,Lx,749192
536,Mahindra,Bolero Power Plus,Plus Ac Bs4 ,859497
537,Mahindra,Bolero Power Plus,Plus Non Ac Bs4 ,819117
538,Maruti Suzuki,Vitara Brezza,Ldi,762742
539,Maruti Suzuki,Vitara Brezza,Vdi,814742
540,Maruti Suzuki,Vitara Brezza,Zdi,892243
541,Maruti Suzuki,Vitara Brezza,Zdi+,987743
542,Maruti Suzuki,Vitara Brezza,Zdi+ Dual Tone,1003552
543,Maruti Suzuki,Vitara Brezza,Zdi+ Ags,1037742
544,Maruti Suzuki,Vitara Brezza,Vdi Ags,864742
545,Maruti Suzuki,Vitara Brezza,Zdi Ags,942243
546,Maruti Suzuki,Vitara Brezza,Zdi+ Dual Tone Ags,1059742
547,Hyundai,I20 Active,1.2 S,774035
548,Hyundai,I20 Active,1.2 Sx,858536
549,Hyundai,I20 Active,1.2 Sx Dual Tone,882298
550,Hyundai,I20 Active,1.4 Sx,993393
551,Ford,Ecosport,1.5L Ti-Vct Ambiente,791000
552,Ford,Ecosport,1.5L Ti-Vct Trend,871000
553,Ford,Ecosport,1.5L Ti-Vct Titanium,950000
554,Ford,Ecosport,1.5L Ti-Vct Titanium Plus At,1130000
555,Ford,Ecosport,1.5L Tdci Ambiente,841000
556,Ford,Ecosport,1.5L Tdci Trend,921000
557,Ford,Ecosport,1.5L Tdci Titanium,999900
558,Ford,Ecosport,1.5L Tdci Titanium Plus,1090000
559,Ford,Ecosport,1.5L Ti-Vct Titanium Plus,999900
560,Ford,Ecosport,1.5L Tdci Titanium S,1145000
561,Ford,Ecosport,1.5L Ti-Vct Thunder Edition,999900
562,Ford,Ecosport,1.5L Tdci Thunder Edition,1090000
563,Renault,Duster,Rxe Petrol,799990
564,Renault,Duster,Rxs Petrol,919990
565,Renault,Duster,Rxs (Opt) Cvt,999990
566,Renault,Duster,85  Rxe Mt Diesel,929990
567,Renault,Duster,85  Rxs Mt Diesel,999990
568,Renault,Duster,110  Rxs Mt Diesel,1119990
569,Renault,Duster,110  Rxz Mt Diesel,1209990
570,Renault,Duster,110  Rxz Amt Diesel,1249990
571,Renault,Duster,110  Rxs Awd (Opt) Diesel,1249990
572,Hyundai,Verna,1.6 Vtvt Sx,999900
573,Hyundai,Verna,1.6 Crdi Sx,1172544
574,Hyundai,Verna,1.6 Crdi Sx (O),1301881
575,Hyundai,Verna,1.6 Vtvt Sx (O),1172999
576,Hyundai,Verna,1.6 Crdi Sx Plus At,1328545
577,Hyundai,Verna,1.6 Vtvt Sx(O) At,1287999
578,Hyundai,Verna,1.4 Vtvt Ex,933182
579,Hyundai,Verna,1.4 Vtvt E,817867
580,Hyundai,Verna,1.6 Vtvt Sx (O) Anniversary Edition,1178894
581,Hyundai,Verna,1.6 Vtvt Sx Plus At,1162875
582,Hyundai,Verna,1.6 Crdi Sx(O) At,1407871
583,Hyundai,Verna,1.4 Crdi E,942867
584,Hyundai,Verna,1.4 Crdi Ex,999900
585,Mahindra,Xuv300,1.2 W4,830127
586,Mahindra,Xuv300,1.2 W6,915128
587,Mahindra,Xuv300,1.2 W8,1060129
588,Mahindra,Xuv300,1.2 W8(O),1184129
589,Mahindra,Xuv300,1.5 W4,869131
590,Mahindra,Xuv300,1.5 W6,950131
591,Mahindra,Xuv300,1.5 W8,1095129
592,Mahindra,Xuv300,1.5 W8 (O),1214130
593,Mahindra,Xuv300,1.5 W8 Amt,1149800
594,Mahindra,Xuv300,1.5 W8 (O) Amt,1269131
595,Mahindra,Xuv300,1.5 W6 Amt,999000
596,Renault,Lodgy,85  Std,863299
597,Renault,Lodgy,85  Rxe 8 Seater,964199
598,Renault,Lodgy,Stepway Rxz 110 8-Seater,1211599
599,Renault,Lodgy,Stepway Rxz 110 7-Seater,1211599
600,Renault,Lodgy,Stepway Rxl 85 8-Seater,1053899
601,Renault,Lodgy,Stepway Rxz 85 8-Seater,1130099
602,Renault,Lodgy,85  Rxe 7 Seater,964199
603,Volkswagen,Vento,Trendline 1.6 (P),876500
604,Volkswagen,Vento,Highline 1.6 (P),999900
605,Volkswagen,Vento,Comfortline 1.6 (P),999900
606,Volkswagen,Vento,Highline 1.2 (P) Dsg,1197500
607,Volkswagen,Vento,Highline Plus 1.2 (P) Dsg,1449500
608,Volkswagen,Vento,Trendline 1.5 (D),958500
609,Volkswagen,Vento,Comfortline 1.5 (D),999900
610,Volkswagen,Vento,Highline 1.5 (D),1210500
611,Volkswagen,Vento,Highline 1.5 (D) Dsg,1336500
612,Volkswagen,Vento,Highline Plus 1.5 (D) Dsg,1317500
613,Volkswagen,Vento,Gt Line (D),1449500
614,Volkswagen,Vento,Gt Line (P) Dsg,1317500
615,Mahindra,E2O Plus,P4,881425
616,Mahindra,E2O Plus,P6,957177
617,Tata,Tigor Ev,Xm+,960868
618,Tata,Tigor Ev,Xt+,975868
619,Tata,Tigor Ev,Xe+,944175
620,Honda,Brv,E Petrol,952900
621,Honda,Brv,S Petrol,1052900
622,Honda,Brv,V Petrol,1167900
623,Honda,Brv,Vx Petrol,1271900
624,Honda,Brv,V Cvt Petrol,1285900
625,Honda,Brv,S Diesel,1187900
626,Honda,Brv,V Diesel,1273900
627,Honda,Brv,Vx Diesel,1382900
628,Mahindra,Thar,Crde,959860
629,Mahindra,Thar,700 Special Edition,999148
630,Mahindra,Thar,Crde Abs,974860
631,Force,Gurkha,Xpedition 5 Door,999000
632,Force,Gurkha,Xplorer 3 Door,1075000
633,Force,Gurkha,Xtreme,1299000
634,Force,Gurkha,Xtreme Abs,1330000
635,Force,Gurkha,Xpedition 3 Door,975000
636,Force,Gurkha,Xplorer 5 Door,1225000
637,Maruti Suzuki,Xl6,Zeta Mt,984689
638,Maruti Suzuki,Xl6,Alpha Mt,1041189
639,Maruti Suzuki,Xl6,Zeta At,1094689
640,Maruti Suzuki,Xl6,Alpha At,1151189
641,Fiat,Abarth Avventura,1.4 T-Jet,989219
642,Mahindra,Tuv300 Plus,P4,992748
643,Mahindra,Tuv300 Plus,P6,1029650
644,Mahindra,Tuv300 Plus,P8,1142157
645,Mahindra,Marazzo,M2 7 Str,999900
646,Mahindra,Marazzo,M4 7 Str,1156471
647,Mahindra,Marazzo,M6 7 Str,1308592
648,Mahindra,Marazzo,M8 7 Str,1468440
649,Mahindra,Marazzo,M2 8 Str,999900
650,Mahindra,Marazzo,M4 8 Str,1164569
651,Mahindra,Marazzo,M6 8 Str,1316690
652,Mahindra,Marazzo,M8 8 Str,1476538
653,Mahindra,Scorpio,S3 2Wd,999994
654,Mahindra,Scorpio,4Wd Getaway,1236258
655,Mahindra,Scorpio,2Wd Getaway,1123158
656,Mahindra,Scorpio,S5 2Wd,1220030
657,Mahindra,Scorpio,S7 120 2Wd,1330006
658,Mahindra,Scorpio,S7 140 2Wd,1360668
659,Mahindra,Scorpio,S11 2Wd,1540081
660,Mahindra,Scorpio,S11 4Wd,1663054
661,Mahindra,Scorpio,S9 2Wd,1423710
662,Skoda,Monte Carlo,Monte Carlo 1.5 Tdi At,1425599
663,Skoda,Monte Carlo,Monte Carlo 1.6 Mpi At,1269599
664,Skoda,Monte Carlo,Monte Carlo 1.5 Tdi Mt,1299599
665,Skoda,Monte Carlo,Monte Carlo 1.6 Mpi Mt,1139599
666,Mahindra,Xuv500,G At,1610180
667,Mahindra,Xuv500,W7,1418313
668,Mahindra,Xuv500,W7 At,1539488
669,Mahindra,Xuv500,W9,1588943
670,Mahindra,Xuv500,W9 At,1710118
671,Mahindra,Xuv500,W11,1716319
672,Mahindra,Xuv500,W11 At,1837586
673,Mahindra,Xuv500,W11 (O),1741319
674,Mahindra,Xuv500,W11 (O) At,1862586
675,Mahindra,Xuv500,G At,1610180
676,Mahindra,Xuv500,W7,1418313
677,Mahindra,Xuv500,W7 At,1539488
678,Mahindra,Xuv500,W9,1588943
679,Mahindra,Xuv500,W9 At,1710118
680,Mahindra,Xuv500,W11,1716319
681,Mahindra,Xuv500,W11 At,1837586
682,Mahindra,Xuv500,W11 (O),1741319
683,Mahindra,Xuv500,W11 (O) At,1862586
684,Mahindra,Xuv500,W11 (O) Awd,1852488
685,Mahindra,Xuv500,W11 (O) Awd At,1973664
686,Mahindra,Xuv500,W3,1230924
687,Mahindra,E Verito,D4,1293214
688,Mahindra,E Verito,D2,1267208
689,Mahindra,E Verito,D6,1303241
690,Tata,Hexa,Xm Plus 4X2,1639374
691,Tata,Hexa,Xt 4X4,1929417
692,Tata,Hexa,Xta 4X2,1912593
693,Tata,Hexa,Xt 4X2,1796458
694,Tata,Hexa,Xe 4X2,1371864
695,Tata,Hexa,Xm 4X2,1531377
696,Tata,Hexa,Xma 4X2,1655587
697,Toyota,Innova Crysta,2.4 Gx 7 Str,1605000
698,Toyota,Innova Crysta,2.4 Vx 7 Str,1927000
699,Toyota,Innova Crysta,2.4 Gx 8 Str,1610000
700,Toyota,Innova Crysta,2.4 Vx 8 Str,1932000
701,Toyota,Innova Crysta,2.4 Zx 7 Str,2113000
702,Toyota,Innova Crysta,2.7 Gx At 8 Str,1620000
703,Toyota,Innova Crysta,2.7 Gx At 7 Str,1615000
704,Toyota,Innova Crysta,2.7 Zx At 7 Str,2103000
705,Toyota,Innova Crysta,2.7 Vx 7 Str,1807000
706,Toyota,Innova Crysta,2.7 Gx Mt 7 Str,1493000
707,Toyota,Innova Crysta,2.7 Gx Mt 8 Str,1498000
708,Toyota,Innova Crysta,Touring Sport 2.4 Vx 7 Str,2097000
709,Toyota,Innova Crysta,Touring Sport 2.7 Vx 7 Str,1892000
710,Toyota,Innova Crysta,Touring Sport 2.7 Zx At 7 Str,2171000
711,Toyota,Innova Crysta,2.4 G Plus 7 Str,1592000
712,Toyota,Innova Crysta,2.4 G Plus 8 Str,1587000
713,Jeep,Compass,1.4 Limited At,1996000
714,Jeep,Compass,1.4 Sport,1560000
715,Jeep,Compass,1.4 Limited (O) At,2055000
716,Jeep,Compass,2.0 Sport,1661000
717,Jeep,Compass,2.0 Longitude,1803000
718,Jeep,Compass,2.0 Longitude (O),1888000
719,Jeep,Compass,2.0 Limited,1973000
720,Jeep,Compass,2.0 Limited (O),2022000
721,Jeep,Compass,2.0 Limited 4X4,2151000
722,Jeep,Compass,2.0 Limited (O) 4X4,2199000
723,Jeep,Compass,1.4 Limited Plus At Petrol,2167000
724,Jeep,Compass,2.0 Limited Plus 4X2 Diesel,2133000
725,Jeep,Compass,2.0 Limited Plus 4X4 Diesel,2311000
726,Jeep,Compass,2.0 Sport Plus,1699000
727,Jeep,Compass,1.4 Sport Plus,1599000
728,Jeep,Compass,1.4 Longitude (O) At,1900000
729,Jeep,Compass,1.4 Limited (O) At Petrol Black Pack,2070000
730,Jeep,Compass,2.0 Limited (O) Black Pack,2036300
731,Jeep,Compass,2.0 Limited (O) 4X4 Black Pack,2214000
732,Jeep,Compass,2.0 Limited Plus 4X4 At,2499000
733,Jeep,Compass,2.0 Longitude 4X4 At,2196000
734,Toyota,Corolla Altis,G Petrol,1645000
735,Toyota,Corolla Altis,G At Petrol,1806000
736,Toyota,Corolla Altis,Gl Petrol,1882000
737,Toyota,Corolla Altis,Gl Diesel,1936000
738,Toyota,Corolla Altis,G Diesel,1771000
739,Toyota,Corolla Altis,Vl At Petrol,2019000
740,Honda,Civic,1.8 V Cvt,1793900
741,Honda,Civic,1.8 Vx Cvt,1944900
742,Honda,Civic,1.8 Zx Cvt,2124900
743,Honda,Civic,1.6 Vx Mt,2054900
744,Honda,Civic,1.6 Zx Mt,2234900
745,Mg,Zs Ev,Excite,2088000
746,Mg,Zs Ev,Exclusive,2358000
747,Kia,Carnival,Premium 7 Str,2495000
748,Kia,Carnival,Premium 8 Str,2515000
749,Kia,Carnival,Prestige 7 Str,2895000
750,Kia,Carnival,Prestige 9 (6+3) Str,2995000
751,Kia,Carnival,Limousine 7 Str,3395000
752,Skoda,Superb,Style 1.8 Tsi Mt,2599599
753,Skoda,Superb,Style 1.8 Tsi At,2779599
754,Skoda,Superb,L & K 1.8 Tsi At,3099599
755,Skoda,Superb,L & K 2.0 Tdi At,3349599
756,Skoda,Superb,Style 2.0 Tdi At,3029599
757,Skoda,Superb,Corporate Edition 1.8 Tsi At,2599599
758,Skoda,Superb,Corporate Edition 2.0 Tdi At,2849599
759,Volvo,V40,Kinetic,2769000
760,Volvo,V40,R Design,3191000
761,Toyota,Fortuner,2.8 4X2 At,3205000
762,Toyota,Fortuner,2.8 4X2 Mt,3019000
763,Toyota,Fortuner,2.8 4X4 Mt,3216000
764,Toyota,Fortuner,2.8 4X4 At,3395000
765,Toyota,Fortuner,2.7 4X2 At,2977000
766,Toyota,Fortuner,2.7 4X2 Mt,2818000
767,Toyota,Fortuner,Trd Celebratory Edition,3420000
768,Ford,Endeavour,3.2L 4X4 At Titanium Plus,3470000
769,Ford,Endeavour,2.2L 4X2 At Titanium Plus,3233000
770,Ford,Endeavour,2.2L 4X2 Mt Titanium,2920000
771,Mini,Cooper 3 Door,Cooper D,2990000
772,Mini,Cooper 3 Door,Cooper S,3420000
773,Skoda,Kodiaq Scout,2.0 Tdi At,3399000
774,Bmw,X1,Sdrive20D Expedition,3520000
775,Bmw,X1,Sdrive20D Xline,3930000
776,Bmw,X1,Xdrive20D M Sport,4570000
777,Bmw,X1,Sdrive20D M Sport,4240000
778,Bmw,X1,Sdrive20I Xline,3830000
779,Volvo,S60,Polestar,5602000
780,Volvo,S60,Momentum,3850500
781,Bmw,3-Series,320D Sport,4140000
782,Bmw,3-Series,320D Luxury Line,4690000
783,Bmw,3-Series,330I M Sport,4790000
784,Volvo,S60 Cross Country,D4,4426500
785,Audi,Q5,35 Tdi Premium Plus,5021200
786,Audi,Q5,35 Tdi Technology,5621200
787,Audi,Q5,45 Tfsi Premium Plus,5021200
788,Audi,Q5,45 Tfsi Technology,5621200
789,Land Rover Rover,Range Evoque,S,5494000
790,Land Rover Rover,Range Evoque,Se R-Dynamic,5985000
791,Land Rover Rover,Range Evoque,S Petrol,5494000
792,Land Rover Rover,Range Evoque,Se R-Dynamic Petrol,5985000
793,Mercedes-Benz ,E-Class,E200,5861062
794,Mercedes-Benz ,E-Class,E350 D,7285332
795,Mercedes-Benz ,E-Class,E220D,5964321
796,Mercedes-Benz ,E-Class,E 63 S Amg,15000000
797,Mercedes-Benz ,E-Class,E200 Expression,5750000
798,Mercedes-Benz ,E-Class,E200 Exclusive,6150000
799,Mercedes-Benz ,E-Class,E220D Expression,5850000
800,Mercedes-Benz ,E-Class,E220D Exclusive,6250000
801,Volvo,Xc60,Inscription D5,5990000
802,Bmw,X4,Xdrive20D M Sport X,6060000
803,Bmw,X4,Xdrive30D M Sport X,6590000
804,Bmw,X4,Xdrive30I M Sport X,6350000
805,Jeep,Wrangler,Unlimited,6394000
806,Mercedes-Benz ,C-Class Cabriolet,C300,6426497
807,Bmw,Z4 Roadster,Sdrive 20I,6490000
808,Bmw,Z4 Roadster,M 40I,7890000
809,Mercedes-Benz ,V-Class,Expression Elwb,6840000
810,Mercedes-Benz ,V-Class,Exclusive Lwb,8190000
811,Mercedes-Benz ,V-Class,Elite,11000000
812,Audi,Q7,45 Tdi Premium Plus,7221500
813,Audi,Q7,45 Tdi Technology Pack,8021500
814,Audi,Q7,40 Tfsi Quattro Premium Plus,6921500
815,Audi,Q7,40 Tfsi Quattro Technology Pack,7621500
816,Audi,Q7,45 Tdi Black Styling,8111500
817,Audi,Q7,40 Tfsi Quattro Black Styling,7711500
818,Land Rover Rover,Range Evoque Convertible,2.0 Hse Dynamic,6952964
819,Land Rover Rover,Range Velar,2.0 Diesel R-Dynamic S,7246802
820,Land Rover Rover,Range Velar,2.0 Petrol R-Dynamic S,7246802
821,Mercedes-Benz ,E-Class All Terrain,E 220D,7500000
822,Volvo,Xc90,D5 Inscription,8790000
823,Volvo,Xc90,D5 Momentum,8090000
824,Volvo,Xc90,T8 Excellence,13124000
825,Volvo,Xc90,T8 Inscription,9665000
826,Volvo,Xc90,D5 R-Design,8491500
827,Land Rover Rover,Range Sport,5.0L V8 Svr Petrol,20517853
828,Land Rover Rover,Range Sport,2.0L S Petrol,8670586
829,Land Rover Rover,Range Sport,2.0L Se Petrol,9448181
830,Land Rover Rover,Range Sport,3.0L V6 Se Petrol,11476911
831,Land Rover Rover,Range Sport,2.0L Hse Petrol,15600000
832,Land Rover Rover,Range Sport,3.0L V6 Hse Petrol,13228725
833,Land Rover Rover,Range Sport,5.0L V8 Autobiography Dynamic Petrol,17940227
834,Land Rover Rover,Range Sport,3.0L Tdv6 S Diesel,10373732
835,Land Rover Rover,Range Sport,3.0L Tdv6 Se Diesel,11913021
836,Land Rover Rover,Range Sport,4.4L Sdv8 Hse Diesel,14908985
837,Jaguar,Xj,3.0L,9738609
838,Jaguar,Xj,3.0L Portfolio,10725145
839,Jaguar,Xj,50,11129599
840,Porsche,Cayenne,E-Hybrid,15806000
841,Porsche,Cayenne,Turbo,19210000
842,Porsche,Cayenne,Base,11936000
843,Maserati,Ghibli,Diesel,13387856
844,Maserati,Ghibli,Gransport,13881858
845,Maserati,Ghibli,Granlusso,14247814
846,Toyota,Land Cruiser,Vx,14699000
847,Audi,Rs7,Sportback,17072000
848,Land Rover Rover,Range,5.0L V8 Autobiography Petrol,26037526
849,Land Rover Rover,Range,5.0L V8 Svautobiography Dynamic Petrol,32522000
850,Land Rover Rover,Range,3.0L V6 Vogue Lwb Petrol,19527130
851,Land Rover Rover,Range,5.0L V8 Svautobiography Lwb Petrol,40499548
852,Land Rover Rover,Range,3.0L Tdv6 Vogue Diesel,18185267
853,Land Rover Rover,Range,3.0L Tdv6 Vogue Lwb Diesel,19527130
854,Land Rover Rover,Range,4.4L Sdv8 Autobiography Lwb Diesel,25174051
855,Land Rover Rover,Range,4.4L Sdv8 Svautobiography Lwb Diesel,39294685
856,Land Rover Rover,Range,4.4L Sdv8 Vogue Se Lwb Diesel,23675691
857,Land Rover Rover,Range,3.0L V6 Vogue Se Lwb Petrol,21398758
858,Maserati,Grancabrio,Standard,19865675
859,Mercedes-Benz ,Amg-Gt,S,21583466
860,Mercedes-Benz ,Amg-Gt,R,23264134
861,Mercedes-Benz ,Amg-Gt,Roadster,22733626
862,Mercedes-Benz ,Amg Gt 4-Door Coupe,63 S 4Matic+,24200000
863,Lamborghini,Huracan,Lp 610-4,37133704
864,Lamborghini,Huracan,Lp 580-2,32452486
865,Lamborghini,Huracan,Avio,35150732
866,Lamborghini,Huracan,Performante,37614126
867,Lamborghini,Huracan,Lp 580-2 Spyder,35535000
868,Lamborghini,Huracan,Lp 610-4 Spyder,40742932
869,Lamborghini,Huracan,Evo,37300000
870,Lamborghini,Huracan,Evo Spyder,41000000
871,Lamborghini,Huracan,Evo Rwd,32200000
872,Ferrari,488 Gtb,Std,36761413
873,Ferrari,488 Gtb,Spider,39319552
874,Ferrari,Gtc4 Lusso,V8 T,42000000
875,Ferrari,Gtc4 Lusso,V12,52000000
876,Lamborghini,Aventador,Lp 700-4,47893943
877,Lamborghini,Aventador,Lp700-4 Roadster,53210327
878,Lamborghini,Aventador,S,47467700
879,Rolls-Royce,Dawn,Convertible,59216193
880,Rolls-Royce,Drophead Coupe,Phantom,83755383
881,Maruti Suzuki,Omni,5 Str Bs-Iv,282778
882,Maruti Suzuki,Omni,E 8 Str Bs-Iv,284485
883,Datsun ,Go+,D,412292
884,Datsun ,Go+,T,552656
885,Datsun ,Go+,T (O),574448
886,Datsun ,Go+,A (O),555196
887,Datsun ,Go+,A,500575
888,Datsun ,Go+,T Vdc,593361
889,Datsun ,Go+,T (O) Vdc,615153
890,Datsun ,Go+,T Cvt,658361
891,Datsun ,Go+,T (O) Cvt,680153
892,Fiat,Punto Evo Pure,1.2L Fire Dynamic,482330
893,Fiat,Punto Evo Pure,1.3,575947
894,Ford,Figo,Ambiente 1.2 Ti-Vct,523000
895,Ford,Figo,Ambiente 1.5 Tdci,623000
896,Ford,Figo,Titanium 1.2 Ti-Vct,599900
897,Ford,Figo,Titanium1.5 Tdci,699900
898,Ford,Figo,Titanium Blu 1.2 Ti-Vct,664900
899,Ford,Figo,Titanium Blu 1.5 Tdci,764900
900,Maruti Suzuki,Baleno,1.3 Delta,746621
901,Maruti Suzuki,Baleno,1.3 Alpha,868221
902,Maruti Suzuki,Baleno,1.3 Sigma,668611
903,Maruti Suzuki,Baleno,1.3 Zeta,807921
904,Maruti Suzuki,Baleno,1.2 Alpha,758212
905,Maruti Suzuki,Baleno,1.2 Alpha Cvt,890212
906,Maruti Suzuki,Baleno,1.2 Delta,636612
907,Maruti Suzuki,Baleno,1.2 Delta Cvt,768612
908,Maruti Suzuki,Baleno,1.2 Sigma,558602
909,Maruti Suzuki,Baleno,1.2 Zeta,697912
910,Maruti Suzuki,Baleno,1.2 Delta Dualjet,733412
911,Maruti Suzuki,Baleno,1.2 Zeta Dualjet,789912
912,Maruti Suzuki,Baleno,1.2 Zeta Cvt,829912
913,Hyundai,Grand I10,1.2 Kappa Vtvt Magna,586428
914,Hyundai,Grand I10,1.2 Kappa Vtvt Sportz,620637
915,Hyundai,Grand I10,1.2 Kappa Vtvt Magna At,652328
916,Hyundai,Grand I10,1.2 Kappa Vtvt Sportz At,705538
917,Hyundai,Grand I10,1.2 Kappa Vtvt Sportz Dual Tone,640537
918,Hyundai,Grand I10,1.2 Kappa Vtvt Magna Cng,653452
919,Fiat,Linea Classic,1.3 Multijet,751203
920,Fiat,Linea Classic,1.4,646336
921,Fiat,Linea Classic,Plus 1.3 Multijet,808558
922,Nissan,Sunny,Xe Petrol,707025
923,Nissan,Sunny,Xl Petrol,836461
924,Nissan,Sunny,Xl Diesel,912534
925,Nissan,Sunny,Xv Diesel,993997
926,Nissan,Sunny,Xe Diesel,860997
927,Nissan,Sunny,Xv Cvt,993997
928,Nissan,Sunny,Special Edition Diesel,877285
929,Maruti Suzuki,Ertiga,Lxi,759000
930,Maruti Suzuki,Ertiga,Zxi,917000
931,Maruti Suzuki,Ertiga,Vxi At,936000
932,Maruti Suzuki,Ertiga,Zxi Plus,971000
933,Maruti Suzuki,Ertiga,Vxi,834000
934,Maruti Suzuki,Ertiga,Zxi At,1013000
935,Maruti Suzuki,Ertiga,1.5L Vdi,986689
936,Maruti Suzuki,Ertiga,1.5L Zdi,1069689
937,Maruti Suzuki,Ertiga,1.5L Zdi Plus,1120689
938,Maruti Suzuki,Ertiga,Vxi Cng (Cng +,887689
939,Maruti Suzuki,Baleno Rs,Rs 1.0,788913
940,Honda,Wr-V,Vx Diesel,1035000
941,Honda,Wr-V,Vx Petrol,925000
942,Honda,Wr-V,S Diesel,925000
943,Honda,Wr-V,S Petrol,815000
944,Honda,Wr-V,Edge Plus Edition Diesel,916050
945,Honda,Wr-V,Edge Plus Edition Petrol,808050
946,Honda,Wr-V,Exclusive Edition Diesel,1048050
947,Honda,Wr-V,Exclusive Edition Petrol,935050
948,Honda,Wr-V,V Diesel,995000
949,Mahindra,Tuv300,T4 Plus,854328
950,Mahindra,Tuv300,T6 Plus,914328
951,Mahindra,Tuv300,T8,976592
952,Mahindra,Tuv300,T10,999614
953,Mahindra,Tuv300,T10 (O),1031943
954,Mahindra,Tuv300,T10 Dual Tone,1022930
955,Mahindra,Tuv300,T10 (O) Dual Tone,1055259
956,Maruti Suzuki,S-Cross,1.3L Sigma,880689
957,Maruti Suzuki,S-Cross,1.3L Delta,992689
958,Maruti Suzuki,S-Cross,1.3L Zeta,1043689
959,Maruti Suzuki,S-Cross,1.3L Alpha,1143689
960,Renault,Captur,Rxe Petrol,949999
961,Renault,Captur,Rxe Diesel,1049999
962,Renault,Captur,Platine Diesel Dual Tone,1299999
963,Renault,Captur,Platine Petrol Dual Tone,1199999
964,Mahindra,Xylo,D2 Bs-Iv,963037
965,Mahindra,Xylo,D4 Bs-Iv,1004487
966,Mahindra,Xylo,H4 Bs-Iv,1031951
967,Mahindra,Xylo,H4 Abs Bs-Iv,1066139
968,Mahindra,Xylo,H8 Abs Airbags Bs-Iv,1228335
969,Kia,Seltos,Hte 1.5,989000
970,Kia,Seltos,Htk 1.5,1029000
971,Kia,Seltos,Htk Plus 1.5,1149000
972,Kia,Seltos,Htx 1.5,1309000
973,Kia,Seltos,Htx Cvt 1.5,1409000
974,Kia,Seltos,Hte 1.5 Diesel,1034000
975,Kia,Seltos,Htk 1.5 Diesel,1154000
976,Kia,Seltos,Htk Plus 1.5 Diesel,1254000
977,Kia,Seltos,Htk Plus At 1.5 Diesel,1354000
978,Kia,Seltos,Htx Plus 1.5 Diesel,1534000
979,Kia,Seltos,Htx Plus At 1.5 Diesel,1634000
980,Kia,Seltos,Gtk 1.4,1379000
981,Kia,Seltos,Gtx 1.4,1529000
982,Kia,Seltos,Gtx At 1.4,1629000
983,Kia,Seltos,Gtx Plus 1.4,1629000
984,Kia,Seltos,Htx 1.5 Diesel,1414000
985,Nissan,Terrano,Xe D 85,999900
986,Nissan,Terrano,Xv D Premium 110  Amt,1464900
987,Nissan,Terrano,Xl (P),999900
988,Nissan,Terrano,Xl D(O),1235700
989,Nissan,Terrano,Xv D Premium 110 ,1419900
990,Nissan,Terrano,Sport Edition,1235700
991,Tata,Safari Storme,2.2 Lx 4X2,1109005
992,Tata,Safari Storme,2.2 Ex 4X2,1335158
993,Tata,Safari Storme,2.2 Vx 4X2 Varicor 400,1479574
994,Tata,Safari Storme,2.2 Vx 4X4 Varicor 400,1643829
995,Mg,Hector,1.5L Style,1248000
996,Mg,Hector,2.0L Style,1348000
997,Mg,Hector,2.0L Super,1448000
998,Mg,Hector,2.0L Smart,1588000
999,Mg,Hector,2.0L Sharp,1728000
1000,Mg,Hector,1.5L Super,1328000
1001,Mg,Hector,1.5L Super Hybrid,1388000
1002,Mg,Hector,1.5L Sharp Hybrid,1628000
1003,Mg,Hector,1.5L Smart Hybrid,1498000
1004,Mg,Hector,1.5L Smart Dct,1568000
1005,Mg,Hector,1.5L Sharp Dct,1718000
1006,Tata,Nexon Ev,Xm,1399000
1007,Tata,Nexon Ev,Xz Plus,1499000
1008,Tata,Nexon Ev,Xz Plus Lux,1599000
1009,Hyundai,Elantra,S,1589000
1010,Hyundai,Elantra,Sx,1849000
1011,Hyundai,Elantra,Sx At,1949000
1012,Hyundai,Elantra,Sx(O) At,2039000
1013,Hyundai,Tucson,2Wd Mt Diesel,2079717
1014,Hyundai,Tucson,2Wd Mt Petrol,1876656
1015,Hyundai,Tucson,2Wd At Gl Diesel,2364354
1016,Hyundai,Tucson,2Wd At Gl Petrol,2187384
1017,Hyundai,Tucson,4Wd At Gls Diesel,2697417
1018,Hyundai,Tucson,2Wd At Gls Petrol,2373522
1019,Hyundai,Tucson,2Wd At Gl(O) Petrol,2246749
1020,Hyundai,Tucson,2Wd At Gl(O) Diesel,2423720
1021,Volkswagen,Passat,2.0 Tdi Comfortline,3021500
1022,Volkswagen,Passat,2.0 Tdi Highline,3321500
1023,Volkswagen,Passat,2.0 Tdi Comfortline Connect,2599000
1024,Volkswagen,Passat,2.0 Tdi Highline Connect,2899000
1025,Mercedes-Benz ,A-Class,180,2785288
1026,Mercedes-Benz ,A-Class,200D,2886871
1027,Volvo,V40 Cross Country,D3,3283000
1028,Volvo,V40 Cross Country,T4,2962000
1029,Mini,Countryman,Cooper S,3490000
1030,Mini,Countryman,Cooper Sd,3740000
1031,Mini,Countryman,Cooper S Jcw Inspired,4140000
1032,Mini,Countryman,Black Edition,4240000
1033,Mercedes-Benz ,C-Class,C 220D Prime,4020000
1034,Mercedes-Benz ,C-Class,C 220D Progressive,4670000
1035,Mercedes-Benz ,C-Class,C 300D Amg Line,4974750
1036,Mercedes-Benz ,C-Class,C 43 Amg,7500000
1037,Mercedes-Benz ,C-Class,C 200 Prime,4090000
1038,Mercedes-Benz ,C-Class,C 200 Progressive,4654000
1039,Toyota,Prius,Z8,4509000
1040,Lexus,Es,300H,5695000
1041,Lexus,Nx 300H,F-Sport,6060000
1042,Lexus,Nx 300H,Luxury,5990000
1043,Jaguar,F-Pace,Prestige,6463780
1044,Jaguar,F-Pace,Prestige Petrol,6422809
1045,Volvo,V90 Cross Country,D5 Inscription,6531000
1046,Audi,A5 Cabriolet,2.0 Tdi,6948200
1047,Mercedes-Benz ,Gle,300D 4Matic,7370000
1048,Mercedes-Benz ,Gle,400D 4Matic Hip Hop Edition,12500000
1049,Mercedes-Benz ,Cls,300D,8470000
1050,Bmw,X7,Xdrive 40I,10490000
1051,Bmw,X7,Xdrive30D Dpe Signature,10250000
1052,Bmw,M4,Coupe,13590000
1053,Porsche,911,Carrera S,17420000
1054,Porsche,911,Carrera S Cabriolet,18844000
1055,Nissan,Gtr,3.8 V6,21240272
1056,Aston Martin,Vantage,Coupe,29500000
1057,Aston Martin,Rapide,Luxe,38845823
1058,Ferrari,812 Superfast,Superfast,52000000
1059,Maruti Suzuki,Alto 800 Tour,H1,354235
1060,Maruti Suzuki,Alto 800 Tour,H1 (O),356559
1061,Hyundai,Grand I10 Nios,Magna 1.2 Crdi,675090
1062,Hyundai,Grand I10 Nios,Era 1.2 Vtvt,504990
1063,Hyundai,Grand I10 Nios,Magna 1.2 Vtvt,589610
1064,Hyundai,Grand I10 Nios,Magna Amt 1.2 Vtvt,642610
1065,Hyundai,Grand I10 Nios,Sportz 1.2 Vtvt,643350
1066,Hyundai,Grand I10 Nios,Sportz Amt 1.2 Vtvt,703350
1067,Hyundai,Grand I10 Nios,Sportz Dual Tone 1.2 Vtvt,673350
1068,Hyundai,Grand I10 Nios,Asta 1.2 Vtvt,718950
1069,Hyundai,Grand I10 Nios,Sportz Amt 1.2 Crdi,790350
1070,Hyundai,Grand I10 Nios,Asta 1.2 Crdi,804450
1071,Hyundai,Xcent,S 1.2,643769
1072,Hyundai,Xcent,S At 1.2,733734
1073,Hyundai,Xcent,Sx 1.2,705546
1074,Hyundai,Xcent,Sx 1.2 (O),782346
1075,Hyundai,Xcent,S 1.2 Crdi,742033
1076,Hyundai,Xcent,E,581078
1077,Hyundai,Xcent,Sx 1.2 Crdi,798558
1078,Hyundai,Xcent,Sx 1.2 Crdi (O),875358
1079,Hyundai,Xcent,E Crdi,673261
1080,Nissan,Micra,Xl (O) Cvt,662880
1081,Nissan,Micra,Xv Cvt,781686
1082,Nissan,Micra,Xld (O),743504
1083,Nissan,Micra,Xvd,812964
1084,Mahindra,Bolero,Zlx,942263
1085,Mahindra,Bolero,Slx,917055
1086,Mahindra,Bolero,Sle,860720
1087,Mahindra,Bolero,Ex,815883
1088,Mahindra,Bolero,Ex Non Ac,773678
1089,Maruti Suzuki,Ciaz,1.3L Alpha Smart Hybrid,1102689
1090,Maruti Suzuki,Ciaz,1.3L Sigma Smart Hybrid,919689
1091,Maruti Suzuki,Ciaz,1.3L Delta Smart Hybrid,980689
1092,Maruti Suzuki,Ciaz,1.3L Zeta Smart Hybrid,1062689
1093,Maruti Suzuki,Ciaz,1.5L Sigma Smart Hybrid,819689
1094,Maruti Suzuki,Ciaz,1.5L Delta Smart Hybrid,881689
1095,Maruti Suzuki,Ciaz,1.5L Zeta Smart Hybrid,958689
1096,Maruti Suzuki,Ciaz,1.5L Alpha Smart Hybrid,997689
1097,Maruti Suzuki,Ciaz,1.5L Delta At Smart Hybrid,980689
1098,Maruti Suzuki,Ciaz,1.5L Zeta At Smart Hybrid,1058688
1099,Maruti Suzuki,Ciaz,1.5L Alpha At Smart Hybrid,1098689
1100,Maruti Suzuki,Ciaz,1.5L Alpha,1138189
1101,Maruti Suzuki,Ciaz,1.5L Delta,997689
1102,Maruti Suzuki,Ciaz,1.5L Zeta,1109189
1103,Skoda,Rapid,1.6 Mpi Ambition,998599
1104,Skoda,Rapid,1.5 Tdi Cr Active,1006139
1105,Skoda,Rapid,1.6 Mpi Active,881916
1106,Skoda,Rapid,1.5 Tdi Cr Ambition,1129599
1107,Skoda,Rapid,1.5 Tdi Cr Ambition At,1249599
1108,Skoda,Rapid,1.6 Mpi Style At,1243599
1109,Skoda,Rapid,1.5 Tdi Cr Style At,1399599
1110,Skoda,Rapid,1.5 Tdi Cr Style,1273599
1111,Skoda,Rapid,1.6 Mpi Style,1115599
1112,Skoda,Rapid,1.6 Mpi Ambition At,999599
1113,Skoda,Rapid,Onyx Mt Petrol,975599
1114,Skoda,Rapid,Onyx At Petrol,1099599
1115,Skoda,Rapid,Onyx Mt Diesel,1158599
1116,Skoda,Rapid,Onyx At Diesel,1273599
1117,Fiat,Abarth Punto,1.4 T-Jet,980970
1118,Hyundai,Creta,1.4 Crdi E Plus,999990
1119,Hyundai,Creta,1.6 Vtvt E Plus,999990
1120,Hyundai,Creta,1.6 Vtvt Sx,1232534
1121,Hyundai,Creta,1.6 Vtvt Sx (O),1394437
1122,Hyundai,Creta,1.6 Vtvt Sx At,1377363
1123,Hyundai,Creta,1.6 Vtvt Sx Dual Tone,1287041
1124,Hyundai,Creta,1.4 Crdi S,1197919
1125,Hyundai,Creta,1.6 Crdi Sx,1366797
1126,Hyundai,Creta,1.6 Crdi Sx (O),1543564
1127,Hyundai,Creta,1.6 Crdi Sx At,1527395
1128,Hyundai,Creta,1.6 Crdi Sx Dual Tone,1421208
1129,Hyundai,Creta,1.6 Crdi S At,1336033
1130,Hyundai,Creta,1.6 Vtvt Sx (O) Executive,1422937
1131,Hyundai,Creta,1.6 Crdi Sx (O) Executive,1572064
1132,Hyundai,Creta,1.4 Crdi Ex,1107167
1133,Hyundai,Creta,1.6 Vtvt Ex,1092192
1134,Hyundai,Creta,Sports Edition Petrol,1279983
1135,Hyundai,Creta,Sports Edition Diesel,1414247
1136,Tata,Harrier,Revotorq Xe,1345363
1137,Tata,Harrier,Revotorq Xm,1471368
1138,Tata,Harrier,Revotorq Xt,1591368
1139,Tata,Harrier,Revotorq Xz,1721368
1140,Tata,Harrier,Revotorq Xz Dual Tone,1732231
1141,Tata,Harrier,Revotorq Dark Edition,1730755
1142,Isuzu,Dmax V-Cross,Standard,1654783
1143,Isuzu,Dmax V-Cross,High Z,1806813
1144,Isuzu,Dmax V-Cross,Z Prestige,1999000
1145,Mitsubishi,Outlander,2.4L Outlander,2693000
1146,Mercedes-Benz ,Gla-Class,200 Sport,3438000
1147,Mercedes-Benz ,Gla-Class,200 D Style,3233000
1148,Mercedes-Benz ,Gla-Class,200 D Sport,3564000
1149,Mercedes-Benz ,Gla-Class,45 Amg 4Matic,7784944
1150,Mercedes-Benz ,Gla-Class,220 D 4Matic,3864000
1151,Mercedes-Benz ,Gla-Class,45 Aero Edition,8067000
1152,Honda,Accord Hybrid,2.0 At,4321237
1153,Bmw,5-Series,520D Luxury Line,5930000
1154,Bmw,5-Series,530D M Sport,6680000
1155,Bmw,5-Series,530I M Sport,5980000
1156,Bmw,6-Series,630D Gt Luxury Line,6890000
1157,Bmw,6-Series,630D Gt M Sport,7450000
1158,Bmw,6-Series,630I Gt Luxury Line,6440000
1159,Bmw,6-Series,620D Gt Luxury Line,6440000
1160,Porsche,Macan,S,8503000
1161,Porsche,Macan,Base,6998000
1162,Jaguar,F-Type,5.0 Convertible R,23659454
1163,Jaguar,F-Type,5.0 Coupe R,22155390
1164,Jaguar,F-Type,Svr Coupe,26501830
1165,Jaguar,F-Type,Svr Convertible,28004965
1166,Jaguar,F-Type,2.0L Coupe,9092578
1167,Jaguar,F-Type,2.0L Convertible,10144987
1168,Jaguar,F-Type,2.0 Convertible R Dynamic,10419200
1169,Jaguar,F-Type,2.0 Coupe R Dynamic,9366433
1170,Bmw,M5,Competition,15490000
1171,Lexus,Lx 570,V8,23290000
1172,Ferrari,458 Spider,V8,43367500
1173,Maruti Suzuki R,Wagon,Vxi,479000
1174,Maruti Suzuki R,Wagon,Vxi Ags,526000
1175,Maruti Suzuki R,Wagon,1.2L Zxi,548000
1176,Maruti Suzuki R,Wagon,Lxi,434000
1177,Maruti Suzuki R,Wagon,1.2L Vxi,513501
1178,Maruti Suzuki R,Wagon,1.2L Vxi Ags,560500
1179,Maruti Suzuki R,Wagon,1.2L Zxi Ags,594800
1180,Maruti Suzuki R,Wagon,Lxi (O),441000
1181,Maruti Suzuki R,Wagon,Vxi (O),486001
1182,Maruti Suzuki R,Wagon,1.2L Vxi (O),520500
1183,Maruti Suzuki R,Wagon,1.2L Vxi Ags (O),567500
1184,Maruti Suzuki R,Wagon,Vxi Ags (O),533000
1185,Maruti Suzuki R,Wagon,Lxi Cng,500500
1186,Maruti Suzuki R,Wagon,Lxi (O) Cng,507500
1187,Tata,Tiago Nrg,1.2L Revotron,594993
1188,Tata,Tiago Nrg,1.05L Revotorq,689993
1189,Tata,Tiago Nrg,1.2L Revotron Amt,639993
1190,Mahindra,Nuvosport,N4,797802
1191,Mahindra,Nuvosport,N6,905642
1192,Mahindra,Nuvosport,N8,984818
1193,Mahindra,Nuvosport,N4 +,832415
1194,Mahindra,Nuvosport,N6 Amt,972359
1195,Mahindra,Nuvosport,N8 Amt,1048603
1196,Nissan,Kicks,Xl Petrol,955000
1197,Nissan,Kicks,Xv Petrol,1095000
1198,Nissan,Kicks,Xl Diesel,1109000
1199,Nissan,Kicks,Xv Diesel,1251000
1200,Nissan,Kicks,Xv Premium,1369000
1201,Nissan,Kicks,Xv Premium (O),1465000
1202,Nissan,Kicks,Xv Premium (O) Dual Tone,1465000
1203,Nissan,Kicks,Xe Diesel,989000
1204,Tata,Winger,15S,1205000
1205,Hyundai,Kona Electric,Premium,2371858
1206,Toyota,Camry,Hybrid,3788000
1207,Audi,A5,Sportback,6061200
1208,Land Rover,Discovery,3.0 Hse Diesel,10205494
1209,Land Rover,Discovery,3.0 Se Diesel,9689321
1210,Land Rover,Discovery,3.0 Hse Petrol,8433741
1211,Land Rover,Discovery,3.0 Se Petrol,8077550
1212,Land Rover,Discovery,3.0 S Diesel,8877094
1213,Land Rover,Discovery,3.0 S Petrol,7693664
1214,Land Rover,Discovery,3.0 Hse Luxury Diesel,10861088
1215,Land Rover,Discovery,3.0 Hse Luxury Petrol,8937846
1216,Lexus,Ls 500H,Luxury,18221000
1217,Lexus,Ls 500H,Ultra Luxury,18736000
1218,Lexus,Ls 500H,Distinct,19371000
1219,Rolls-Royce ,Phantom,Sedan,95000000
1220,Rolls-Royce ,Phantom,Ewb,75400000
1221,Fiat,Punto Evo,Dynamic 1.2,535562
1222,Fiat,Punto Evo,Active Multijet 1.3,631292
1223,Fiat,Punto Evo,Dynamic Multijet 1.3,692655
1224,Fiat,Punto Evo,Emotion Multijet 1.3,747774
1225,Toyota,Yaris,J,940000
1226,Toyota,Yaris,G,1055000
1227,Toyota,Yaris,V,1174000
1228,Toyota,Yaris,Vx Cvt,1418000
1229,Toyota,Yaris,G Cvt,1175000
1230,Toyota,Yaris,J Cvt,1010000
1231,Toyota,Yaris,V Cvt,1294000
1232,Toyota,Yaris,Vx,1296000
1233,Toyota,Yaris,V (O),1197000
1234,Toyota,Yaris,J (O),876000
1235,Toyota,Yaris,G (O),974000
1236,Toyota,Yaris,J (O) Cvt,935000
1237,Toyota,Yaris,G (O) Cvt,1083000
1238,Toyota,Yaris,V (O) Cvt,1317000
1239,Skoda,Octavia,Ambition 1.4 Tsi,1599599
1240,Skoda,Octavia,Ambition 2.0 Tdi Cr,1799599
1241,Skoda,Octavia,Style 1.4 Tsi,1899599
1242,Skoda,Octavia,Style 1.8 Tsi At,2059599
1243,Skoda,Octavia,Style 2.0 Tdi Cr,2079599
1244,Skoda,Octavia,Style 2.0 Tdi Cr At,2299599
1245,Skoda,Octavia,L & K 1.8 Tsi At,2359599
1246,Skoda,Octavia,L & K 2.0 Tdi Cr At,2359599
1247,Skoda,Octavia,Corporate Edition 1.4 Tsi,1549000
1248,Skoda,Octavia,Corporate Edition 2.0 Tdi,1699000
1249,Skoda,Octavia,Onyx 1.8 Tsi Dsg,1999599
1250,Skoda,Octavia,Onyx 2.0 Tdi Dsg,2199599
1251,Mercedes-Benz ,Glc,200 Progressive,5275000
1252,Mercedes-Benz ,Glc,220D 4Matic Progressive,5775000
1253,Porsche,Cayenne Coupe,Base,13151000
1254,Porsche,Cayenne Coupe,Turbo,19763000
1255,Mahindra,Verito,1.5 D2,748370
1256,Mahindra,Verito,1.5 D4 Bs-Iv,772617
1257,Mahindra,Verito,1.5 D6 Bs-Iv,845154
1258,Mitsubishi,Pajero Sport,2.5 Mt,2903750
1259,Mitsubishi,Pajero Sport,2.5 At,2835500
1260,Mitsubishi,Pajero Sport,Limited Edition,2953240
1261,Mitsubishi,Pajero Sport,Select Plus Mt,2992800
1262,Mitsubishi,Pajero Sport,Select Plus At,2952500
1263,Bentley,Flying Spur,V8,34167064
1264,Bentley,Flying Spur,W12,39382083
1265,Honda,City,Sv Mt Petrol,991000
1266,Honda,City,V Mt Petrol,1065900
1267,Honda,City,Vx Mt Petrol,1182000
1268,Honda,City,Vx Cvt Petrol,1312000
1269,Honda,City,Sv Mt Diesel,1111000
1270,Honda,City,V Mt Diesel,1191000
1271,Honda,City,Vx Mt Diesel,1302000
1272,Honda,City,Zx Mt Diesel,1421000
1273,Honda,City,Zx Cvt Petrol,1431000
1274,Honda,City,V Cvt Petrol,1201000
1275,Mitsubishi,Montero,3.2 At,6862560
